id,Titre comment,Date de repinse,Reponse ou non,Liste peronnes,Nombre d'etoile
0,encore une commande partiellement...,,True,Showroomprive.com,1
1,Tres decue,26 fevrier 2023,True,Showroomprive.com,1
2,Je n'ai jamais recu ma commande,,True,Showroomprive.com,1
3,Showroomprive c est fini !,,True,Showroomprive.com,1
4,J'ai commande 2 colliers,26 fevrier 2023,True,Showroomprive.com,1
5,Tres decue de la derniere commande.,26 fevrier 2023,True,Showroomprive.com,1
6,Produit achete en Septembre 2022...,,True,Showroomprive.com,1
7,2 commandes de suite passe sur...,26 fevrier 2023,True,Showroomprive.com,1
8,Article recu defectueux,25 fevrier 2023,True,Showroomprive.com,1
9,Produit achete en Septembre 2022...,,True,Showroomprive.com,1
10,Frais de retour Purement scandaleux,,True,Showroomprive.com,1
11,Malheureusement un service colissimo...,24 fevrier 2023,True,Showroomprive.com,1
12,Sur mes 3 dernieres commandes 3...,25 fevrier 2023,True,Showroomprive.com,2
13,delai tres long..qualite decevante,25 fevrier 2023,True,Showroomprive.com,2
14,Commande de trois calecons Calvin klein...,24 fevrier 2023,True,Showroomprive.com,1
15,Commande incomplete,23 fevrier 2023,True,Showroomprive.com,2
16,Je n'ai jamais recu mon colis,26 fevrier 2023,True,Showroomprive.com,1
17,SAV inexistant/ erreurs de produits,,True,Showroomprive.com,1
18,Recu t shirt troue,27 fevrier 2023,True,Showroomprive.com,2
19,"je ne commanderai plus jamais,qualite...",25 fevrier 2023,True,Showroomprive.com,2
20,Je ne suis pas contente,22 fevrier 2023,True,Showroomprive.com,1
21,Showroom annonce de faux Voyages,,True,Showroomprive.com,1
22,tres decue de ma commande chez...,27 fevrier 2023,True,Showroomprive.com,2
23,Commande no278345447 annulee sans raison.,,True,Showroomprive.com,1
24,Sur la photo un tres joli pantalon,25 fevrier 2023,True,Showroomprive.com,1
25,Produits entretien linge,22 fevrier 2023,True,Showroomprive.com,2
26,livree les bons articles au personne...,21 fevrier 2023,True,Showroomprive.com,1
27,Decue,23 fevrier 2023,True,Showroomprive.com,2
28,Bonjour,23 fevrier 2023,True,Showroomprive.com,1
29,Les colis ne sont pas livres dans le...,22 fevrier 2023,True,Showroomprive.com,1
30,Et bien je n'ai pas recu un des article...commande incomplete,27 fevrier 2023,True,Showroomprive.com,1
31,Honteux!,20 fevrier 2023,True,Showroomprive.com,1
32,Une partie de ma commande est annulee...,25 fevrier 2023,True,Showroomprive.com,1
33,Commande du 10 fevrier (A-1478895-1-A)...,,True,Showroomprive.com,1
34,2 articles commandes,24 fevrier 2023,True,Showroomprive.com,2
35,Taille affiche sur le site ne...,27 fevrier 2023,True,Showroomprive.com,2
36,Sur 2 commandes je ne suis pas...,21 fevrier 2023,True,Showroomprive.com,2
37,L'article ne correspondait pas a celui commande,26 fevrier 2023,True,Showroomprive.com,1
38,Un peu decue de ma derniere commande,23 fevrier 2023,True,Showroomprive.com,2
39,Le lieu du relais colis a ete modifie,22 fevrier 2023,True,Showroomprive.com,1
40,Abus envers le client client et tresorerie sur son compte . Ventes fantome,,True,Showroomprive.com,1
41,Infinity ne fonctionne plus sur toutes...,23 fevrier 2023,True,Showroomprive.com,1
42,Pas satisfaite,23 fevrier 2023,True,Showroomprive.com,1
43,Honteux et malhonnete.,,True,Showroomprive.com,1
44,Suite a une erreur d'adresse de...,19 fevrier 2023,True,Showroomprive.com,1
45,Coli non receptionne,19 fevrier 2023,True,Showroomprive.com,1
46,delai de livraison lamentable,20 fevrier 2023,True,Showroomprive.com,2
47,Pas la bonne couleur par rapport a la...,20 fevrier 2023,True,Showroomprive.com,2
48,J ai achete un lot de 3 cadres,20 fevrier 2023,True,Showroomprive.com,1
49,Jai achete un matelas EMMA avec 2...,,True,Showroomprive.com,1
50,Manteaux,18 fevrier 2023,True,Showroomprive.com,1
51,J'ai recu 2 bougies tres bien emballees...,19 fevrier 2023,True,Showroomprive.com,2
52,Absence de confirmation,,True,Showroomprive.com,1
53,Tout mes achats,19 fevrier 2023,True,Showroomprive.com,1
54,Mauvaise experience,19 fevrier 2023,True,Showroomprive.com,1
55,"meuble en vrac, article manquant et notice en turc",19 fevrier 2023,True,Showroomprive.com,1
56,Article avec des defauts et manque des...,19 fevrier 2023,True,Showroomprive.com,2
57,Date de livraison pas respecte !,19 fevrier 2023,True,Showroomprive.com,1
58,Commande livree en retard et dans le...,19 fevrier 2023,True,Showroomprive.com,1
59,Beaucoup de problemes pour la livraison...,17 fevrier 2023,True,Showroomprive.com,1
60,Beaucoup de problemes pour la livraison...,17 fevrier 2023,True,Showroomprive.com,1
61,Extremement decue par ma commande et le manque de reactivite du site,18 fevrier 2023,True,Showroomprive.com,1
62,Aucune senteur tres decu,15 fevrier 2023,True,Showroomprive.com,1
63,La veste en jeans a un bouton casse,18 fevrier 2023,True,Showroomprive.com,1
64,la reception est un peu longue et la...,18 fevrier 2023,True,Showroomprive.com,1
65,La taille ne correspond pas du tout,18 fevrier 2023,True,Showroomprive.com,2
66,Descriptif des articles incomplet,18 fevrier 2023,True,Showroomprive.com,1
67,Decu car aucun imprime et coton!...,18 fevrier 2023,True,Showroomprive.com,2
68,A chaque fois que je commande sur...,17 fevrier 2023,True,Showroomprive.com,1
69,Produits de mauvaise qualite,15 fevrier 2023,True,Showroomprive.com,1
70,Commande incomplete.,12 fevrier 2023,True,Showroomprive.com,1
71,Cela fait plusieurs fois que je ne...,17 fevrier 2023,True,Showroomprive.com,1
72,Pas satisfaite du tout,17 fevrier 2023,True,Showroomprive.com,1
73,Le descriptif des produits n'est pas...,17 fevrier 2023,True,Showroomprive.com,2
74,LA COMMANDE RECUE NE CORRESPOND...,17 fevrier 2023,True,Showroomprive.com,1
75,Nul plus de 8 jours pour avoir une...,,True,Showroomprive.com,1
76,Catastrophique !!,16 fevrier 2023,True,Showroomprive.com,1
77,Cette societe travaille avec un...,,True,Showroomprive.com,1
78,Tres mauvaise livraison. ...,16 fevrier 2023,True,Showroomprive.com,1
79,Commande incomplete,27 janvier 2023,True,Showroomprive.com,1
80,experience catastrophique,16 fevrier 2023,True,Showroomprive.com,1
81,Meuble avec des elements casses,16 fevrier 2023,True,Showroomprive.com,1
82,Service Mediocre,16 fevrier 2023,True,Showroomprive.com,1
83,la boite en bois pour mouchoirs...,15 fevrier 2023,True,Showroomprive.com,2
84,Tres mauvaise qualite !! La livraison a ete vraiment tres tres...,15 fevrier 2023,True,Showroomprive.com,1
85,Bonnet ne correspond pas du tout a la...,15 fevrier 2023,True,Showroomprive.com,1
86,arrive avec beaucoup de retard,15 fevrier 2023,True,Showroomprive.com,1
87,Commande mango,15 fevrier 2023,True,Showroomprive.com,2
88,Trois points relais et je n'ai toujours...,15 fevrier 2023,True,Showroomprive.com,1
89,J'ai passe une commande et je recois juste un morceau,15 fevrier 2023,True,Showroomprive.com,2
90,pas satisfaite du tout !,29 janvier 2023,True,Showroomprive.com,1
91,Bonjour,,True,Showroomprive.com,1
92,Augmentation des frais de...,12 fevrier 2023,True,Showroomprive.com,1
93,m'a livre une valise d'une autre...,12 fevrier 2023,True,Showroomprive.com,1
94,Encore un colis non recu.,12 fevrier 2023,True,Showroomprive.com,2
95,Bonjour,12 fevrier 2023,True,Showroomprive.com,2
96,prix pas correct,12 fevrier 2023,True,Showroomprive.com,1
97,Livraison en retard colis volumineux...,10 fevrier 2023,True,Showroomprive.com,2
98,Je n'ai recu qu'une partie de ma...,12 fevrier 2023,True,Showroomprive.com,2
99,Sur 6 bold un malheureusement un etait...,12 fevrier 2023,True,Showroomprive.com,1
100,Decu sa taille beaucoup trop grand et...,12 fevrier 2023,True,Showroomprive.com,1
101,Pas du tout satisfait !!,12 fevrier 2023,True,Showroomprive.com,1
102,Je n'ai pas recu ce que j'avais commande,10 fevrier 2023,True,Showroomprive.com,1
103,VOLEURS,,True,Showroomprive.com,1
104,Objet non conforme a la photo du site Giovale,11 fevrier 2023,True,Showroomprive.com,1
105,Commande livree partiellement mais je...,11 fevrier 2023,True,Showroomprive.com,1
106,Ma commande aurait du arriver le 6...,11 fevrier 2023,True,Showroomprive.com,1
107,Frais de livraison hors de prix!,11 fevrier 2023,True,Showroomprive.com,1
108,Je suis cliente chez showroom prive...,,True,Showroomprive.com,1
109,taies d'oreillers,06 fevrier 2023,True,Showroomprive.com,2
110,Mon colis est arrive complement...,08 fevrier 2023,True,Showroomprive.com,1
111,Article recu en prix et taille inferieur a celui commande et paye..attends reponse Pour cette commande j'ai recu un...,10 fevrier 2023,True,Showroomprive.com,2
112,Tres joli sac a main mais... impossible...,10 fevrier 2023,True,Showroomprive.com,1
113,livraison 3 jours apres la date prevue...,10 fevrier 2023,True,Showroomprive.com,2
114,J'ai commande une table basse il y...,10 fevrier 2023,True,Showroomprive.com,1
115,Boite en bois d'allumettes,10 fevrier 2023,True,Showroomprive.com,2
116,Le produit recu n'est pas conforme a...,10 fevrier 2023,True,Showroomprive.com,1
117,Les frais de livraison sont une honte...,09 fevrier 2023,True,Showroomprive.com,1
118,Le produit correspondait mais emballage laissant vraiment a desirer !,09 fevrier 2023,True,Showroomprive.com,2
119,Vous avez annule des produits juste...,09 fevrier 2023,True,Showroomprive.com,1
120,SAV a deplorer,,True,Showroomprive.com,1
121,commande minoi design...,09 fevrier 2023,True,Showroomprive.com,2
122,J'ai failli me faire avoir,,True,Showroomprive.com,1
123,Un service desastreux !,,True,Showroomprive.com,1
124,Trop Decue,01 fevrier 2023,True,Showroomprive.com,1
125,Deception sur toute la ligne,03 fevrier 2023,True,Showroomprive.com,1
126,Marchandise non conforme a la commande,06 fevrier 2023,True,Showroomprive.com,1
127,produit endommage,04 fevrier 2023,True,Showroomprive.com,1
128,Montre Hs,04 fevrier 2023,True,Showroomprive.com,1
129,1 etoile car je ne pouvais n'en mettre...,,True,Showroomprive.com,1
130,LIT BED CORNER INCOMPLET,,True,Showroomprive.com,1
131,MAUVAISE EXPERIENCE AVEC ALIZEA,02 fevrier 2023,True,Showroomprive.com,2
132,La description est fausse,03 fevrier 2023,True,Showroomprive.com,1
133,Votre fournisseur c'est debarrasse des...,25 janvier 2023,True,Showroomprive.com,1
134,Envoi d'un produit au lieu de 3,03 fevrier 2023,True,Showroomprive.com,2
135,Commande et Livraison,02 fevrier 2023,True,Showroomprive.com,2
136,La livraison ok mais l'article est de...,03 fevrier 2023,True,Showroomprive.com,2
137,Showroomprive un site d'arnaque,,True,Showroomprive.com,1
138,Mecontentement,11 janvier 2023,True,Showroomprive.com,1
139,Fausse promotion Je commande 2 valises a 50 % je n'en...,,True,Showroomprive.com,1
140,Vraiment decu recu qu'un article sur 2,02 fevrier 2023,True,Showroomprive.com,2
141,Bijoux commande ne ressemble pas du...,09 janvier 2023,True,Showroomprive.com,1
142,Une honte,01 fevrier 2023,True,Showroomprive.com,2
143,Vente meuble avec photos trompeuses,,True,Showroomprive.com,2
144,le produit livre est gris alors qu'il...,02 fevrier 2023,True,Showroomprive.com,1
145,La moitie de ma commande annulee et ce...,02 fevrier 2023,True,Showroomprive.com,1
146,Produit recu casse,27 janvier 2023,True,Showroomprive.com,1
147,je suis toujours en attente de mon colis,13 janvier 2023,True,Showroomprive.com,1
148,J'ai demande un point retrait pres de...,30 janvier 2023,True,Showroomprive.com,2
149,Plus que decevant !,30 janvier 2023,True,Showroomprive.com,1
150,J'ai un doute sur l'origine des...,30 janvier 2023,True,Showroomprive.com,1
151,La commande n'est pas du tout de la...,31 janvier 2023,True,Showroomprive.com,1
152,L'article reconditionne achete,06 janvier 2023,True,Showroomprive.com,1
153,Pack vendu comme un Geberit mais d'une...,31 janvier 2023,True,Showroomprive.com,1
154,J'ai commande sur Showroomprive un...,24 janvier 2023,True,Showroomprive.com,1
155,Mauvaise taille,30 janvier 2023,True,Showroomprive.com,1
156,Vetements de mauvaises qualites.,31 janvier 2023,True,Showroomprive.com,1
157,Le service apres-vente de Showroomprive...,,True,Showroomprive.com,1
158,Une catastrophe,,True,Showroomprive.com,1
159,La couleur ne correspond pas a celle...,03 janvier 2023,True,Showroomprive.com,2
160,Manque 1 article dans ma commande,27 janvier 2023,True,Showroomprive.com,1
161,colis endommage,28 janvier 2023,True,Showroomprive.com,1
162,La qualite du produit est decevante,30 janvier 2023,True,Showroomprive.com,2
163,Colis non recu malgre un avis d'envoi...,30 janvier 2023,True,Showroomprive.com,2
164,un de mes plats en verre commandes est...,28 janvier 2023,True,Showroomprive.com,2
165,Je commande sur une vente adidas le...,28 janvier 2023,True,Showroomprive.com,1
166,Rapidite d'envoi mais erreur dans la...,27 janvier 2023,True,Showroomprive.com,2
167,La paire de basket en taille 42 ne va...,19 janvier 2023,True,Showroomprive.com,1
168,Service Client minable.,,True,Showroomprive.com,1
169,J'avais passe commande pour une montre...,23 janvier 2023,True,Showroomprive.com,2
170,Je suis vraiment decu,27 janvier 2023,True,Showroomprive.com,2
171,Commande non honoree,07 janvier 2023,True,Showroomprive.com,1
172,je suis tres decue de ma commande,27 janvier 2023,True,Showroomprive.com,1
173,A revoir la protection et les accessoires!,27 janvier 2023,True,Showroomprive.com,1
174,Decu des delais de livraison trop long,04 janvier 2023,True,Showroomprive.com,2
175,Mal livre decu,25 janvier 2023,True,Showroomprive.com,1
176,Le prix par rapport a d'autres sites.,29 janvier 2023,True,Showroomprive.com,2
177,Produit defectueux,27 janvier 2023,True,Showroomprive.com,2
178,Livraison partielle inadmissible,28 janvier 2023,True,Showroomprive.com,1
179,decevant,29 janvier 2022,True,Showroomprive.com,1
180,Commande annulee,29 janvier 2023,True,Showroomprive.com,1
181,La couleur de la robe etait jaune...,27 janvier 2023,True,Showroomprive.com,1
182,Service livraison deplorable !,26 janvier 2023,True,Showroomprive.com,2
183,L'une des deux bougie est arrivee...,25 janvier 2023,True,Showroomprive.com,1
184,Livraison defaillante,26 janvier 2023,True,Showroomprive.com,2
185,Articles pas tres solides,25 janvier 2023,True,Showroomprive.com,1
186,J'ai cru faire une bonne affaire en...,28 janvier 2023,True,Showroomprive.com,1
187,J'attends toujours le retour de show...,19 janvier 2023,True,Showroomprive.com,1
188,Tres decu par les derniers articles...,20 decembre 2022,True,Showroomprive.com,1
189,Decue de ma commande Haircare club,25 janvier 2023,True,Showroomprive.com,1
190,Commande incomplete,25 janvier 2023,True,Showroomprive.com,1
191,Le sac achete a ete tasse dans notre...,27 janvier 2023,True,Showroomprive.com,1
192,Livraison disparue en point relai,14 janvier 2023,True,Showroomprive.com,1
193,Article de contre facon.c'est pas...,27 janvier 2023,True,Showroomprive.com,1
194,Je suis decue car un article manquait.,27 janvier 2023,True,Showroomprive.com,2
195,Le produit commande n'a pas ete livre.,27 janvier 2023,True,Showroomprive.com,2
196,Delai long pour la livraison que je n ai pas recu. Le livreur n a pas appele ni sonner. Rien dans la boite aux lettres. Enquete en cours.,27 janvier 2023,True,Showroomprive.com,1
197,Deception sur l'article receptionne,13 janvier 2023,True,Showroomprive.com,1
198,commande jamais recue....,17 janvier 2023,True,Showroomprive.com,1
199,J'ai commande des couteau de marque...,27 janvier 2023,True,Showroomprive.com,1
200,decue au fil du temps..,,True,Showroomprive.com,2
201,Aucune reaction plus d'un mois apres une reclamation!,21 decembre 2022,True,Showroomprive.com,1
202,Tres decue par les articles,24 janvier 2023,True,Showroomprive.com,2
203,Probleme non regle,26 janvier 2023,True,Showroomprive.com,1
204,La livraison,26 janvier 2023,True,Showroomprive.com,2
205,Je n ai pas recu la totalite de ma...,23 janvier 2023,True,Showroomprive.com,1
206,La derniere fois que j'ai achete des...,06 janvier 2023,True,Showroomprive.com,2
207,Remboursement,,True,Showroomprive.com,2
208,J'ai adresse plusieurs mails au service...,21 janvier 2023,True,Showroomprive.com,1
209,Mecontent,10 janvier 2023,True,Showroomprive.com,1
210,Bonjour,25 janvier 2023,True,Showroomprive.com,2
211,Il me manque un article sur les deux...,20 janvier 2023,True,Showroomprive.com,2
212,Commande validee mais recu qu'un...,21 decembre 2022,True,Showroomprive.com,1
213,2 commandes / 2 mois / 2 erreurs !,,True,Showroomprive.com,2
214,Je deconseille fortement ce site !!!,,True,Showroomprive.com,1
215,Inadmissible,,True,Showroomprive.com,1
216,vente d articles non disponibles,,True,Showroomprive.com,1
217,Promesse non tenue,,True,Showroomprive.com,2
218,Decevant,16 janvier 2023,True,Showroomprive.com,1
219,il y avait un article indisponible et...,16 janvier 2023,True,Showroomprive.com,2
220,Deception de l'etat du colis,21 janvier 2023,True,Showroomprive.com,1
221,sac commande minuscule !!!!,23 janvier 2023,True,Showroomprive.com,1
222,Mauvais etiquetage et donc le produit...,21 janvier 2023,True,Showroomprive.com,2
223,Commande de 4 tee shirt et recu que 2,21 janvier 2023,True,Showroomprive.com,1
224,Diffuseur seche cheveux universel,20 janvier 2023,True,Showroomprive.com,2
225,pas satisfait,23 janvier 2023,True,Showroomprive.com,2
226,Arnaque,18 janvier 2023,True,Showroomprive.com,2
227,Produit recu casse (BO),06 janvier 2023,True,Showroomprive.com,2
228,Je viens de recevoir une boucles...,20 janvier 2023,True,Showroomprive.com,1
229,La livraison devait etre faite le 17/1...,16 janvier 2023,True,Showroomprive.com,1
230,Une des boucles d'oreille etait cassee,21 janvier 2023,True,Showroomprive.com,2
231,J'ai fait une reclamation dont je n'ai...,12 janvier 2023,True,Showroomprive.com,1
232,Photo de non contractuelle.,20 janvier 2023,True,Showroomprive.com,1
233,Decue du produit commande pas du tout...,21 janvier 2023,True,Showroomprive.com,1
234,Il me manquait un article.,20 janvier 2023,True,Showroomprive.com,1
235,Chaussures en daim au lieu d' un cuir...,18 janvier 2023,True,Showroomprive.com,2
236,Site vraiment tres tres nul,,True,Showroomprive.com,1
237,achat,04 janvier 2023,True,Showroomprive.com,2
238,Je n'ai toujours pas recu ma commande...,21 janvier 2023,True,Showroomprive.com,1
239,"Decue, qualite mediocre",10 janvier 2023,True,Showroomprive.com,1
240,Cosmetique,19 janvier 2023,True,Showroomprive.com,2
241,J'ai commande 2 articles fin decembre...,,True,Showroomprive.com,1
242,Colis perdu date de livraison prevu le...,18 janvier 2023,True,Showroomprive.com,1
243,vaisselle cassees,20 janvier 2023,True,Showroomprive.com,2
244,retenue sur les retours,,True,Showroomprive.com,2
245,Quelle deception...,,True,Showroomprive.com,1
246,LA LIVRAISON A ETE MODIFIEE PAR LA...,30 decembre 2022,True,Showroomprive.com,1
247,Nouvelle deception...,16 janvier 2023,True,Showroomprive.com,1
248,Table de jardin tres legere de basse...,05 janvier 2023,True,Showroomprive.com,2
249,La commande qui n'arrive pas perdu les...,,True,Showroomprive.com,2
250,J'ai recu ma commande rapidement mais...,17 janvier 2023,True,Showroomprive.com,1
251,Delai d'envoi beaucoup trop long,18 janvier 2023,True,Showroomprive.com,2
252,Colis mal emballe,12 janvier 2023,True,Showroomprive.com,2
253,Les photos de la vente etaient tres trompeuses ...,04 janvier 2023,True,Showroomprive.com,2
254,Service client inexistant. Produit mediocre,,True,Showroomprive.com,2
255,Il y avait un antivol sur un des...,10 janvier 2023,True,Showroomprive.com,1
256,J ai retourne un produit il y a 3 mois...,,True,Showroomprive.com,1
257,Remboursement,03 novembre 2022,True,Showroomprive.com,1
258,Meuble de tres mauvaise qualite,14 janvier 2023,True,Showroomprive.com,1
259,Fuyez se site je voulais achete des...,,True,Showroomprive.com,1
260,En attente de litige,04 janvier 2023,True,Showroomprive.com,1
261,A fuir !,,True,Showroomprive.com,1
262,Si les conseillers font de leur mieux,14 janvier 2023,True,Showroomprive.com,1
263,l article recu ne correspond pas a...,06 janvier 2023,True,Showroomprive.com,1
264,Le produit est decevant .Les finitions...,02 janvier 2023,True,Showroomprive.com,1
265,Livraison partielle,03 janvier 2023,True,Showroomprive.com,1
266,Couleur,13 janvier 2023,True,Showroomprive.com,1
267,deceptions,10 janvier 2023,True,Showroomprive.com,1
268,Aucune amelioration,13 janvier 2023,True,Showroomprive.com,2
269,Decue,14 janvier 2023,True,Showroomprive.com,2
270,Je retourne 3 articles sur 4,13 janvier 2023,True,Showroomprive.com,2
271,Culotte qui taille beaucoup trop petit,14 janvier 2023,True,Showroomprive.com,1
272,j'ai commande un abri jardin la...,12 janvier 2023,True,Showroomprive.com,1
273,Cela fait des annees que je commande...,15 janvier 2023,True,Showroomprive.com,1
274,Annulation de bon cadeau et d une partie de ma commande,13 janvier 2023,True,Showroomprive.com,1
275,Pile a HS a l arrivee,15 janvier 2023,True,Showroomprive.com,1
276,Produit arrive casse,13 janvier 2023,True,Showroomprive.com,1
277,Description et images trompeuses,13 janvier 2023,True,Showroomprive.com,2
278,Je n'ai pas recu le bon produit que...,12 janvier 2023,True,Showroomprive.com,1
279,Je suis toujours en attente du 2eme...,02 janvier 2023,True,Showroomprive.com,1
280,Pas tres content!,12 janvier 2023,True,Showroomprive.com,1
281,Du vecu avec Showroomprive...,,True,Showroomprive.com,1
282,Les dimensions de la couette (220 x240...,06 janvier 2023,True,Showroomprive.com,1
283,Mauvaise surprise,11 janvier 2023,True,Showroomprive.com,2
284,Mauvaise finition...mauvais rendu,10 janvier 2023,True,Showroomprive.com,2
285,Des annees que j'achete sur showroom...,,True,Showroomprive.com,1
286,Commande non recue,06 janvier 2023,True,Showroomprive.com,1
287,Vraiment nul,12 janvier 2023,True,Showroomprive.com,1
288,colis considere comme livre,10 janvier 2023,True,Showroomprive.com,1
289,"Le produit est arrive casse,",09 janvier 2023,True,Showroomprive.com,2
290,Mauvaise qualite,26 decembre 2022,True,Showroomprive.com,1
291,tromperie sur la marque,,True,Showroomprive.com,1
292,A eviter ! Qualite mediocre,,True,Showroomprive.com,1
293,Article manquant,07 janvier 2023,True,Showroomprive.com,2
294,Montre Apple Watch 6,04 janvier 2023,True,Showroomprive.com,2
295,Decue,11 janvier 2023,True,Showroomprive.com,2
296,Colis non recu,12 decembre 2022,True,Showroomprive.com,1
297,pas content de votre aide,,True,Showroomprive.com,1
298,Ma pire experience client ...,,True,Showroomprive.com,1
299,Pas serieux,,True,Showroomprive.com,2
300,Comment pouvez vous confirmer que les...,,True,Showroomprive.com,1
301,"Ne livre pas les commandes, annulation sans explication.",,True,Showroomprive.com,1
302,Annonce mensongere Showroomprive,,True,Showroomprive.com,1
303,Site pas serieux,09 janvier 2023,True,Showroomprive.com,1
304,Les ecouteurs commandes ne sont pas...,05 janvier 2023,True,Showroomprive.com,1
305,Je n ai pas recu ma commande et je n'ai...,07 janvier 2023,True,Showroomprive.com,1
306,pas recu le bon produit,09 janvier 2023,True,Showroomprive.com,1
307,1 sur 2 ecu,02 janvier 2023,True,Showroomprive.com,1
308,Showroom prive : bienvenue en abdurdistan !,06 janvier 2023,True,Showroomprive.com,1
309,Je n ai jamais recu mon colis indiquer...,06 janvier 2023,True,Showroomprive.com,1
310,Article trop petit pour une taille S/M.,06 janvier 2023,True,Showroomprive.com,1
311,Defauts sur l'article,06 janvier 2023,True,Showroomprive.com,1
312,Decu d'avoir recu l'appareil hors delai...,04 janvier 2023,True,Showroomprive.com,1
313,Aucun probleme pour la livraison,06 janvier 2023,True,Showroomprive.com,1
314,Jamais eu mon tapis!!!,08 janvier 2023,True,Showroomprive.com,1
315,Produit non conforme a la photo tres...,02 janvier 2023,True,Showroomprive.com,1
316,Les tailles sont trop petites,08 janvier 2023,True,Showroomprive.com,1
317,La moitie de ma commande a ete annulee,05 janvier 2023,True,Showroomprive.com,1
318,Beaucoup d'erreur dans les commandes,18 juin 2022,True,Showroomprive.com,1
319,Quand tu attends ta commande et que tu recois... ca !,05 janvier 2023,True,Showroomprive.com,1
320,"Colis tres mal emballe, mauvais rapport qualite/prix",05 janvier 2023,True,Showroomprive.com,2
321,Le colis est arrive dans un autre point...,05 janvier 2023,True,Showroomprive.com,1
322,Decue,02 janvier 2023,True,Showroomprive.com,1
323,Deception,04 janvier 2023,True,Showroomprive.com,2
324,Un mauvais point relais,04 janvier 2023,True,Showroomprive.com,2
325,C'e n'est pas le produit que...,04 janvier 2023,True,Showroomprive.com,1
326,Article taille trop mal blouson trop...,05 janvier 2023,True,Showroomprive.com,1
327,Produit conforme.,04 janvier 2023,True,Showroomprive.com,2
328,Paiement complique,04 janvier 2023,True,Showroomprive.com,2
329,Nulle commande pas arrivee dans le bon...,04 janvier 2023,True,Showroomprive.com,1
330,La livraison une catastrophe,29 decembre 2022,True,Showroomprive.com,2
331,ma commande a ete annulee de moitie et...,03 janvier 2023,True,Showroomprive.com,1
332,J'avais 2 commandes en attente dont une...,04 janvier 2023,True,Showroomprive.com,1
333,Mon colis est arrive avec pres de 3...,20 novembre 2022,True,Showroomprive.com,2
334,Commande retour a l'expediteur,,True,Showroomprive.com,1
335,Livraison de commande dans un point relais a 300km de chez moi,,True,Showroomprive.com,1
336,Un pantalon a le bouton casse,03 janvier 2023,True,Showroomprive.com,1
337,Il manque un article dans ma commande,02 janvier 2023,True,Showroomprive.com,2
338,Un bidon de liquide vaisselle est...,03 janvier 2023,True,Showroomprive.com,2
339,Commande annulee par le vendeur,,True,Showroomprive.com,1
340,Une etoile deja trop,,True,Showroomprive.com,1
341,Une entreprise qui n'hesite pas a...,,True,Showroomprive.com,1
342,Mon mari m'a offert un bracelet de...,,True,Showroomprive.com,2
343,La ceinture taille unique est...,02 janvier 2023,True,Showroomprive.com,1
344,Mecontente,04 janvier 2023,True,Showroomprive.com,2
345,Ma commande que j'ai recu ne correspond...,04 janvier 2023,True,Showroomprive.com,1
346,Taille petit,30 decembre 2022,True,Showroomprive.com,2
347,Service client deplorable mais...,,True,Showroomprive.com,2
348,Attention aux prix apres comparaison...,,True,Showroomprive.com,1
349,La plancha recu abime !!!!,23 decembre 2022,True,Showroomprive.com,1
350,Un sav deporable,,True,Showroomprive.com,2
351,Pas recu colis,02 janvier 2023,True,Showroomprive.com,1
352,Le colis n'a pas ete envoye a la date...,29 decembre 2022,True,Showroomprive.com,1
353,Je recois des vetements incomplets...,02 janvier 2023,True,Showroomprive.com,2
354,Article trop grand,02 decembre 2022,True,Showroomprive.com,2
355,Pas ete livre dans les temps.,28 decembre 2022,True,Showroomprive.com,2
356,"SAV de mauvaise foi, je me desabonne (pourtant cliente depuis 2009)",,True,Showroomprive.com,1
357,Fuyez ce site !,,True,Showroomprive.com,1
358,Commande passe le 2 decembre recu le 30...,02 janvier 2023,True,Showroomprive.com,2
359,Annulation d'une partie de la commande decevant,30 decembre 2022,True,Showroomprive.com,1
360,La qualite du produit laisse a desirer,30 decembre 2022,True,Showroomprive.com,1
361,Plusieurs commande envoyer...,30 decembre 2022,True,Showroomprive.com,2
362,Catastrophique manque de vis et au...,30 decembre 2022,True,Showroomprive.com,1
363,Colis arrive apres le delai et puvert,30 decembre 2022,True,Showroomprive.com,2
364,Colis non livre et pour mener des...,28 decembre 2022,True,Showroomprive.com,1
365,Mauvais article recu,29 decembre 2022,True,Showroomprive.com,1
366,Mon sac est arrive avec des taches je...,31 decembre 2022,True,Showroomprive.com,2
367,Appareil abime et refus de garantie,,True,Showroomprive.com,1
368,Erreur,28 decembre 2022,True,Showroomprive.com,2
369,Produit non conforme,29 decembre 2022,True,Showroomprive.com,1
370,Manque un article et tjrs pas de...,13 decembre 2022,True,Showroomprive.com,1
371,Je n'ai ete livree que d'une partie de ma commande,26 decembre 2022,True,Showroomprive.com,1
372,Colis recu en tres mauvaise etat,22 decembre 2022,True,Showroomprive.com,2
373,Commande effectue 17 decembre,29 decembre 2022,True,Showroomprive.com,2
374,Livraison trop longue,29 decembre 2022,True,Showroomprive.com,2
375,La commande recue n'est pas conforme a...,27 decembre 2022,True,Showroomprive.com,2
376,Toujours decue!!!,,True,Showroomprive.com,1
377,Lamentable,28 decembre 2022,True,Showroomprive.com,1
378,Les frais de port restent trop cher...,26 decembre 2022,True,Showroomprive.com,1
379,Achat maroquinerie a fuir !,,True,Showroomprive.com,1
380,bien,22 decembre 2022,True,Showroomprive.com,1
381,Deuxieme probleme en 15 jours!!,,True,Showroomprive.com,1
382,Non conforme a mes attentes,26 decembre 2022,True,Showroomprive.com,2
383,La livraison,22 decembre 2022,True,Showroomprive.com,1
384,Mon colis n'a pas ete depose dans le bon relais,26 decembre 2022,True,Showroomprive.com,2
385,J'ai commande un pantalon sport en cuir...,,True,Showroomprive.com,1
386,Produit de tres mauvaise qualite,21 decembre 2022,True,Showroomprive.com,1
387,"A eviter, perte de temps",,True,Showroomprive.com,1
388,Il me manque un article dont j'avais...,28 decembre 2022,True,Showroomprive.com,2
389,A fuir,,True,Showroomprive.com,1
390,Une catastrophe,,True,Showroomprive.com,1
391,"mauvaise experience shoroomprivee,com",12 decembre 2022,True,Showroomprive.com,1
392,Deception totale,27 decembre 2022,True,Showroomprive.com,1
393,Tres decu sur deux de mes derniers...,16 decembre 2022,True,Showroomprive.com,2
394,j ai commande une paire de chaussures...,,True,Showroomprive.com,1
395,Ne commandez pas de voyage,,True,Showroomprive.com,1
396,Bonjour colis arrivee avec plus de 8...,24 decembre 2022,True,Showroomprive.com,2
397,Je n ai toujours pas recu mon sac qui...,27 decembre 2022,True,Showroomprive.com,1
398,J'ai retire l'application de mon...,,True,Showroomprive.com,1
399,Le tissu de la housse de couette est de...,26 decembre 2022,True,Showroomprive.com,1
400,Meuble recu de pietre qualite.,26 decembre 2022,True,Showroomprive.com,1
401,J ai recu livraison de bougies une...,01 decembre 2022,True,Showroomprive.com,1
402,Service client deplorable,,True,Showroomprive.com,1
403,J avais commander une sculpture pop art...,,True,Showroomprive.com,1
404,La bougie a couler et la boite de la...,26 decembre 2022,True,Showroomprive.com,1
405,Le paquet etait defectueux et les...,22 decembre 2022,True,Showroomprive.com,1
406,Joyeux noel!,21 decembre 2022,True,Showroomprive.com,1
407,Mecontent,22 decembre 2022,True,Showroomprive.com,1
408,Livraison prevue le 17/12,24 decembre 2022,True,Showroomprive.com,2
409,Ils sont incapables de gerer les stocks...,23 decembre 2022,True,Showroomprive.com,1
410,retours a votre charge,25 decembre 2022,True,Showroomprive.com,2
411,Bonsoir,22 decembre 2022,True,Showroomprive.com,1
412,Date de commande retardee,23 decembre 2022,True,Showroomprive.com,2
413,Service clients nul,24 decembre 2022,True,Showroomprive.com,1
414,Deception,23 decembre 2022,True,Showroomprive.com,1
415,Objet endommage,19 decembre 2022,True,Showroomprive.com,1
416,Les plantes sont arrivees dans un etat...,20 decembre 2022,True,Showroomprive.com,1
417,Une commande Curver retounee depuis...,23 decembre 2022,True,Showroomprive.com,1
418,L'article (doudoune Canadian peak) est...,23 decembre 2022,True,Showroomprive.com,1
419,Je n ai jamais recu ma commande.,25 decembre 2022,True,Showroomprive.com,1
420,Un antivol laisse sur un pyjama...,18 novembre 2022,True,Showroomprive.com,2
421,Tous les articles ne sont pas livres,23 decembre 2022,True,Showroomprive.com,2
422,Decue,25 decembre 2022,True,Showroomprive.com,1
423,Modele envoyer ne correspond a celui commande,,True,Showroomprive.com,1
424,Pour des bijoux en argent,25 decembre 2022,True,Showroomprive.com,2
425,arnaque showroomprive,,True,Showroomprive.com,1
426,Manque d explication,20 decembre 2022,True,Showroomprive.com,2
427,manque une partie de la commande prevue...,22 decembre 2022,True,Showroomprive.com,1
428,Commande recu sans les articles,22 decembre 2022,True,Showroomprive.com,1
429,Colis abime,22 decembre 2022,True,Showroomprive.com,1
430,Mauvaise qualite,22 decembre 2022,True,Showroomprive.com,1
431,Il manquait l'article pour lequel...,21 decembre 2022,True,Showroomprive.com,1
432,Je n'ai jamais recu ma commande,24 decembre 2022,True,Showroomprive.com,1
433,Le bijou est casse,21 decembre 2022,True,Showroomprive.com,1
434,Il manque un article dans le colis......,23 decembre 2022,True,Showroomprive.com,1
435,Deception,14 decembre 2022,True,Showroomprive.com,1
436,La livraison ne s'est faite au point...,22 decembre 2022,True,Showroomprive.com,2
437,Livraison hors zone,19 decembre 2022,True,Showroomprive.com,2
438,Livraison promise pour le 22 decembre,23 decembre 2022,True,Showroomprive.com,1
439,"Livraison prevu pour le 24 decembre,au...",23 decembre 2022,True,Showroomprive.com,1
440,Toujours des problemes de livraison ou...,19 decembre 2022,True,Showroomprive.com,2
441,Mauvaise surprise,23 decembre 2022,True,Showroomprive.com,1
442,Cordon acheter le jour meme et le...,16 decembre 2022,True,Showroomprive.com,1
443,Produits ouverts !,22 decembre 2022,True,Showroomprive.com,2
444,Photos sur le site,18 decembre 2022,True,Showroomprive.com,1
445,La taille M est plutot une taille S,21 decembre 2022,True,Showroomprive.com,1
446,L'un des articles est casse,19 decembre 2022,True,Showroomprive.com,2
447,Tres decue de la reception de mon...,17 decembre 2022,True,Showroomprive.com,1
448,Catastrophique,,True,Showroomprive.com,1
449,J ai ete prelevee de frais de livraison...,23 decembre 2022,True,Showroomprive.com,1
450,erreur de livraison en point retrait,19 decembre 2022,True,Showroomprive.com,1
451,Livraison promise le 13 decembre,23 decembre 2022,True,Showroomprive.com,1
452,Ou est mon colis???!,23 decembre 2022,True,Showroomprive.com,1
453,Commande non aboutie entierement,22 decembre 2022,True,Showroomprive.com,2
454,Tout est faux,,True,Showroomprive.com,1
455,On se moque des clients !!!,,True,Showroomprive.com,1
456,Lorsque j'ai ete chercher ma commande...,20 decembre 2022,True,Showroomprive.com,1
457,Commande soleil d'ocre plus que decevante,20 decembre 2022,True,Showroomprive.com,1
458,Boucle d'oreille arrivee cassee ,20 decembre 2022,True,Showroomprive.com,1
459,Totalement insatisfait,19 decembre 2022,True,Showroomprive.com,1
460,Site peut fiable,,True,Showroomprive.com,1
461,Commande non livre,21 decembre 2022,True,Showroomprive.com,1
462,Sejour center parc,,True,Showroomprive.com,1
463,Dommage la fermeture (le zip) de la...,21 decembre 2022,True,Showroomprive.com,1
464,Decevant,19 decembre 2022,True,Showroomprive.com,1
465,Il a fallu que je demande a Showroom...,21 decembre 2022,True,Showroomprive.com,2
466,Commande incomplete une nouvelle fois...,21 decembre 2022,True,Showroomprive.com,1
467,Accesoire casse a la reception,19 decembre 2022,True,Showroomprive.com,2
468,Produit non conforme a mon attente,19 decembre 2022,True,Showroomprive.com,1
469,J'ai commande deux articles allure,19 decembre 2022,True,Showroomprive.com,1
470,RESIDENCE SOWELL DE TROUVILLE SUR MER - PEUT MIEUX FAIRE....,19 decembre 2022,True,Showroomprive.com,1
471,Soucis de livraison,09 decembre 2022,True,Showroomprive.com,2
472,Meuble tele,19 decembre 2022,True,Showroomprive.com,1
473,Si j avais pu mettre moins qu une...,,True,Showroomprive.com,1
474,Taille trop petit,21 decembre 2022,True,Showroomprive.com,1
475,L'arnaque INFINITY,19 decembre 2022,True,Showroomprive.com,2
476,Sur 3 produits commandes 2 n ont pas...,09 novembre 2022,True,Showroomprive.com,1
477,Franchement mauvaise experience,01 decembre 2022,True,Showroomprive.com,1
478,Commande arrivee incomplete...,19 decembre 2022,True,Showroomprive.com,1
479,Colis depose dans le mauvais relais,19 decembre 2022,True,Showroomprive.com,1
480,N'ont pas ce qu'ils vendent,,True,Showroomprive.com,1
481,Annulation de commande,17 decembre 2022,True,Showroomprive.com,1
482,Je n ai pas ete prevenu que mon colis...,21 decembre 2022,True,Showroomprive.com,2
483,une petite fille sans cadeau grace a vous,,True,Showroomprive.com,1
484,Scandaleux,,True,Showroomprive.com,1
485,MERITE 0 ETOILE !!!! ,,True,Showroomprive.com,1
486,Mauvaise experience,20 decembre 2022,True,Showroomprive.com,1
487,Tres mal,,True,Showroomprive.com,1
488,Pas tres honnete,,True,Showroomprive.com,1
489,une Apple Watch,13 decembre 2022,True,Showroomprive.com,2
490,Vraiment nul,,True,Showroomprive.com,1
491,Le colis a ete livre dans la boite aux...,17 decembre 2022,True,Showroomprive.com,1
492,Produits intacts,16 decembre 2022,True,Showroomprive.com,2
493,Vente de contrefacon Mauboussin,,True,Showroomprive.com,1
494,absence de reponse / bijoux,,True,Showroomprive.com,1
495,J'ai commande un coffret Arganicare le...,,True,Showroomprive.com,1
496,Un des articles lampe berger est arrive...,15 decembre 2022,True,Showroomprive.com,1
497,Meuble TV,19 decembre 2022,True,Showroomprive.com,2
